date;time;lng;lat;injured;killed
2020-09-24;0:00;-73.99842;40.689857;0;0
2020-09-24;0:00;-73.88852;40.67298;0;0
2020-09-24;0:00;-73.88636;40.63082;0;0
2020-09-24;0:00;-73.97634;40.647728;1;0
2020-09-24;0:00;-73.883896;40.839478;1;0
2020-09-24;0:00;-73.824844;40.78214;1;0
2020-09-24;0:03;-73.97263;40.741936;0;0
2020-09-24;0:13;-73.92341;40.83543;0;0
2020-09-24;0:35;-73.90734;40.853813;0;0
2020-09-24;10:10;-73.96522;40.71417;1;0
2020-09-24;10:16;-73.999405;40.684143;0;0
2020-09-24;10:17;-73.990974;40.745422;1;0
2020-09-24;10:20;-73.92049;40.83714;0;0
2020-09-24;10:20;-73.928665;40.8398;0;0
2020-09-24;10:20;-73.903336;40.812355;1;0
2020-09-24;10:24;-73.7859;40.84562;0;0
2020-09-24;10:30;-73.82407;40.66504;1;0
2020-09-24;10:31;-73.99653;40.637688;1;0
2020-09-24;10:35;-73.92527;40.834774;0;0
2020-09-24;10:45;-74.00467;40.62885;0;0
2020-09-24;10:56;-73.917145;40.669544;0;0
2020-09-24;11:00;-73.911964;40.666885;0;0
2020-09-24;11:00;-73.95101;40.597263;0;0
2020-09-24;11:00;-73.97859;40.726322;0;0
2020-09-24;11:05;-73.88365;40.768234;0;0
2020-09-24;11:05;-73.85851;40.83348;1;0
2020-09-24;11:07;-73.89612;40.657753;1;0
2020-09-24;11:11;-73.96059;40.659576;0;0
2020-09-24;11:15;-73.95256;40.786545;0;0
2020-09-24;11:15;-73.9139;40.75982;1;0
2020-09-24;11:20;-73.868004;40.76112;0;0
2020-09-24;11:30;-73.90649;40.668247;0;0
2020-09-24;11:30;-73.75528;40.605335;1;0
2020-09-24;11:40;-73.92116;40.826397;0;0
2020-09-24;11:40;-74.015686;40.709915;0;0
2020-09-24;11:40;-73.90479;40.87892;0;0
2020-09-24;11:42;-74.1189;40.57256;1;0
2020-09-24;11:45;-73.730576;40.67919;0;0
2020-09-24;12:00;-73.87965;40.843437;0;0
2020-09-24;12:00;-73.945015;40.70791;1;0
2020-09-24;12:15;-73.91388;40.615433;1;0
2020-09-24;12:25;-74.022964;40.6287;0;0
2020-09-24;12:25;-73.86098;40.6937;0;0
2020-09-24;12:30;-73.95456;40.82157;0;0
2020-09-24;12:30;-74.01642;40.634724;0;0
2020-09-24;12:30;-73.94564;40.790253;0;0
2020-09-24;12:30;-73.85139;40.833366;1;0
2020-09-24;12:33;-73.90329;40.84869;0;0
2020-09-24;12:35;-73.986465;40.75671;1;0
2020-09-24;12:36;-73.83131;40.88919;1;0
2020-09-24;12:40;-73.950165;40.795586;0;0
2020-09-24;12:40;-73.79195;40.70325;0;0
2020-09-24;12:45;-73.920006;40.865795;0;0
2020-09-24;12:45;-73.94976;40.812103;1;0
2020-09-24;12:50;-73.95567;40.681137;0;0
2020-09-24;12:50;-73.94853;40.744656;1;0
2020-09-24;13:00;-73.941154;40.70028;0;0
2020-09-24;13:00;-73.91209;40.718517;0;0
2020-09-24;13:00;-73.789116;40.726604;0;0
2020-09-24;13:10;-73.862724;40.83302;1;0
2020-09-24;13:38;-74.01055;40.61732;1;0
2020-09-24;13:40;-74.09011;40.6094;0;0
2020-09-24;13:43;-73.829544;40.87792;0;0
2020-09-24;13:43;-73.897026;40.673027;0;0
2020-09-24;13:50;-73.94774;40.68029;0;0
2020-09-24;13:50;-73.941185;40.831432;1;0
2020-09-24;13:50;-73.80186;40.674934;2;0
2020-09-24;14:00;-73.99402;40.57391;0;0
2020-09-24;14:00;-73.858086;40.75922;0;0
2020-09-24;14:12;-73.925606;40.668495;0;0
2020-09-24;14:24;-73.86177;40.674232;1;0
2020-09-24;14:26;-73.9214;40.765545;0;0
2020-09-24;14:30;-73.92444;40.823456;0;0
2020-09-24;14:30;-73.818855;40.693382;1;0
2020-09-24;14:35;-73.89956;40.831585;0;0
2020-09-24;14:40;-73.84662;40.775093;0;0
2020-09-24;14:45;-73.92198;40.75296;1;0
2020-09-24;14:45;-73.89705;40.657665;1;0
2020-09-24;15:00;-73.98657;40.684387;1;0
2020-09-24;15:05;-73.98532;40.741608;0;0
2020-09-24;15:10;-73.940865;40.80548;2;0
2020-09-24;15:15;-73.95847;40.744205;0;0
2020-09-24;15:15;-73.83885;40.761383;0;0
2020-09-24;15:20;-73.95933;40.767494;0;0
2020-09-24;15:25;-73.91928;40.69473;1;0
2020-09-24;15:30;-74.0779;40.62693;0;0
2020-09-24;15:30;-73.887825;40.7672;1;0
2020-09-24;15:34;-73.8736;40.830906;0;0
2020-09-24;15:35;-73.809586;40.705765;0;0
2020-09-24;15:35;-74.09845;40.58124;0;0
2020-09-24;15:44;-73.98315;40.595886;1;0
2020-09-24;15:46;-73.93113;40.668797;0;0
2020-09-24;15:50;-73.98201;40.785587;1;0
2020-09-24;15:50;-73.88167;40.844593;1;0
2020-09-24;15:55;-73.920265;40.826153;0;0
2020-09-24;15:56;-73.96482;40.688324;4;0
2020-09-24;15:58;-73.94064;40.839867;0;0
2020-09-24;15:59;-73.95687;40.71045;1;0
2020-09-24;16:00;-73.946106;40.83606;0;0
2020-09-24;16:00;-73.90026;40.831196;0;0
2020-09-24;16:10;-73.89083;40.820305;0;0
2020-09-24;16:10;-73.85206;40.737682;0;0
2020-09-24;16:15;-73.76317;40.690357;0;0
2020-09-24;16:20;-73.89913;40.825695;1;0
2020-09-24;16:27;-73.92664;40.609978;0;0
2020-09-24;16:27;-73.94375;40.682507;0;0
2020-09-24;16:29;-73.87551;40.82923;1;0
2020-09-24;16:30;-73.87329;40.83801;1;0
2020-09-24;16:30;-73.7464;40.665794;2;0
2020-09-24;16:31;-73.82629;40.879116;1;0
2020-09-24;16:36;-73.94473;40.783245;1;0
2020-09-24;16:37;-73.91587;40.84479;0;0
2020-09-24;16:38;-73.85409;40.688698;0;0
2020-09-24;16:39;-74.086586;40.59415;1;0
2020-09-24;16:40;-73.9409;40.703915;1;0
2020-09-24;16:40;-73.91894;40.640583;1;0
2020-09-24;16:45;-73.813614;40.788326;0;0
2020-09-24;16:50;-74.00859;40.71995;0;0
2020-09-24;17:00;-73.95603;40.8188;0;0
2020-09-24;17:10;-73.954315;40.69479;0;0
2020-09-24;17:21;-73.85607;40.84642;0;0
2020-09-24;17:25;-73.8064;40.756546;0;0
2020-09-24;17:26;-73.893745;40.75468;1;0
2020-09-24;17:30;-73.83279;40.73003;0;0
2020-09-24;17:30;-73.98399;40.78542;0;0
2020-09-24;17:30;-73.75015;40.606686;1;0
2020-09-24;17:30;-73.72707;40.751167;1;0
2020-09-24;17:45;-74.02585;40.617447;0;0
2020-09-24;17:45;-73.95819;40.758965;1;0
2020-09-24;17:46;-73.94613;40.710686;1;0
2020-09-24;17:55;-73.85171;40.696983;2;0
2020-09-24;17:56;-73.95309;40.618774;1;0
2020-09-24;18:00;-73.91276;40.646328;0;0
2020-09-24;18:00;-73.93096;40.822037;0;0
2020-09-24;18:00;-73.90265;40.692585;1;0
2020-09-24;18:09;-73.95648;40.65671;0;0
2020-09-24;18:10;-73.92365;40.6904;0;0
2020-09-24;18:19;-73.92155;40.6972;0;0
2020-09-24;18:23;-73.82597;40.759327;1;0
2020-09-24;18:25;-73.90889;40.63835;0;0
2020-09-24;18:29;-73.9112;40.84519;3;0
2020-09-24;18:30;-73.821365;40.680496;2;0
2020-09-24;18:45;-73.82194;40.753166;0;0
2020-09-24;18:59;-73.87818;40.67449;2;0
2020-09-24;19:10;-73.92612;40.836624;0;0
2020-09-24;19:11;-73.97459;40.744225;1;0
2020-09-24;19:13;-73.997345;40.598553;1;0
2020-09-24;19:30;-73.89606;40.69617;0;0
2020-09-24;19:30;-73.963356;40.79609;0;0
2020-09-24;19:30;-73.95502;40.652374;1;0
2020-09-24;19:30;-73.89527;40.856743;1;0
2020-09-24;19:37;-73.95056;40.59487;1;0
2020-09-24;19:39;-73.98874;40.608997;0;0
2020-09-24;19:44;-73.84392;40.828407;0;0
2020-09-24;19:45;-73.97404;40.6087;1;0
2020-09-24;19:50;-73.849266;40.87469;0;0
2020-09-24;19:57;-73.757324;40.667038;1;0
2020-09-24;1:19;-73.90904;40.66297;0;0
2020-09-24;1:43;-74.16544;40.62715;0;0
2020-09-24;20:00;-73.806305;40.68079;1;0
2020-09-24;20:05;-73.86356;40.895374;2;0
2020-09-24;20:15;-73.75372;40.609535;0;0
2020-09-24;20:20;-73.81695;40.66535;4;0
2020-09-24;20:22;-73.93516;40.620995;0;0
2020-09-24;20:30;-73.87342;40.734375;1;0
2020-09-24;20:36;-73.89413;40.818348;0;0
2020-09-24;20:40;-73.95837;40.768803;0;0
2020-09-24;20:50;-73.94221;40.669403;1;0
2020-09-24;20:53;-73.92238;40.83611;1;0
2020-09-24;21:04;-73.95504;40.618557;0;0
2020-09-24;21:13;-73.93005;40.829945;1;0
2020-09-24;21:16;-73.95322;40.714104;6;0
2020-09-24;21:19;-73.9105;40.830738;1;0
2020-09-24;21:30;-73.88086;40.66278;1;0
2020-09-24;21:32;-73.87343;40.830822;0;0
2020-09-24;22:20;-73.913284;40.635506;1;0
2020-09-24;22:33;-73.94111;40.849007;1;0
2020-09-24;22:43;-73.84966;40.904804;1;0
2020-09-24;22:45;-73.960205;40.698463;0;0
2020-09-24;22:50;-73.84112;40.876442;0;0
2020-09-24;23:00;-73.8271;40.692184;0;0
2020-09-24;23:00;-73.897575;40.655983;4;0
2020-09-24;23:25;-73.956375;40.640396;0;0
2020-09-24;23:30;-73.92445;40.844795;0;0
2020-09-24;23:35;-73.972046;40.72656;0;0
2020-09-24;23:35;-73.85485;40.875458;5;0
2020-09-24;23:50;-73.97952;40.73978;1;0
2020-09-24;23:55;-73.73207;40.675255;1;0
2020-09-24;2:00;-73.835594;40.770115;0;0
2020-09-24;2:10;-73.990845;40.718624;0;0
2020-09-24;2:18;-73.76389;40.66546;0;0
2020-09-24;2:20;-73.94768;40.81494;0;0
2020-09-24;2:30;-73.91203;40.767555;1;0
2020-09-24;2:50;-73.83455;40.681175;0;0
2020-09-24;3:28;-73.92251;40.809616;1;0
2020-09-24;4:06;-73.93076;40.81766;0;0
2020-09-24;4:30;-73.99482;40.718456;0;0
2020-09-24;4:38;-73.8876;40.704216;0;0
2020-09-24;4:40;-73.87039;40.83609;0;0
2020-09-24;4:45;-73.986565;40.761658;1;0
2020-09-24;5:29;-73.78254;40.597824;0;0
2020-09-24;5:45;-74.16604;40.623714;0;0
2020-09-24;5:45;-73.91206;40.83501;1;0
2020-09-24;5:46;-73.98042;40.582977;0;0
2020-09-24;5:50;-73.85025;40.662178;0;0
2020-09-24;5:57;-73.95306;40.656082;2;0
2020-09-24;6:20;-73.866844;40.85048;0;0
2020-09-24;6:20;-73.960075;40.676758;1;0
2020-09-24;6:30;-73.90669;40.65386;0;0
2020-09-24;6:48;-73.850784;40.88045;0;0
2020-09-24;6:55;-73.81876;40.787678;1;0
2020-09-24;7:00;-73.91507;40.8716;0;0
2020-09-24;7:00;-73.838905;40.761143;2;0
2020-09-24;7:07;-73.95741;40.77012;2;0
2020-09-24;7:15;-73.81665;40.8342;0;0
2020-09-24;7:20;-73.95922;40.64053;0;0
2020-09-24;7:20;-74.166046;40.639484;0;0
2020-09-24;7:20;-73.98193;40.719456;1;0
2020-09-24;7:26;-73.86851;40.861362;0;0
2020-09-24;7:30;-73.89372;40.583725;1;0
2020-09-24;7:31;-73.93314;40.58487;0;0
2020-09-24;7:50;-73.90638;40.6828;0;0
2020-09-24;8:00;-73.98477;40.59942;0;0
2020-09-24;8:00;-73.93089;40.848118;0;0
2020-09-24;8:00;-73.80091;40.859547;0;0
2020-09-24;8:00;-73.91727;40.77077;2;0
2020-09-24;8:05;-73.93925;40.689022;1;0
2020-09-24;8:30;-73.87519;40.76824;0;0
2020-09-24;8:30;-74.096375;40.572807;0;0
2020-09-24;8:30;-73.95475;40.696995;0;0
2020-09-24;8:31;-73.915794;40.7629;0;0
2020-09-24;8:40;-73.92291;40.62715;0;0
2020-09-24;8:45;-73.96065;40.800816;0;0
2020-09-24;8:45;-73.9564;40.655872;0;0
2020-09-24;8:50;-73.90799;40.837177;0;0
2020-09-24;8:56;-73.98876;40.735683;0;0
2020-09-24;9:00;-73.78444;40.84538;0;0
2020-09-24;9:00;-73.98897;40.67215;0;0
2020-09-24;9:09;-73.911;40.69003;2;0
2020-09-24;9:27;-73.88247;40.823303;1;0
2020-09-24;9:30;-73.73492;40.664764;0;0
2020-09-24;9:30;-73.91465;40.687504;1;0
2020-09-24;9:40;-73.93586;40.694664;0;0
2020-09-24;9:45;-73.97618;40.79672;0;0
2020-09-24;9:50;-73.89317;40.820545;0;0
2020-09-24;9:50;-73.844734;40.78801;0;0
2020-09-23;0:00;-73.98252;40.69361;0;0
2020-09-23;0:00;-73.99838;40.61483;0;0
2020-09-23;0:01;-73.94375;40.838474;0;0
2020-09-23;0:05;-73.920006;40.865795;0;0
2020-09-23;0:30;-74.00146;40.676834;0;0
2020-09-23;0:35;-73.925674;40.861256;0;0
2020-09-23;0:35;-73.96043;40.818016;0;0
2020-09-23;0:40;-73.87713;40.895466;0;0
2020-09-23;0:42;-73.967735;40.697716;0;0
2020-09-23;0:42;-73.93368;40.637157;1;0
2020-09-23;0:48;-73.93927;40.653267;1;0
2020-09-23;10:00;-73.992615;40.60218;0;0
2020-09-23;10:00;-73.91282;40.78012;0;0
2020-09-23;10:00;-73.852585;40.745506;0;0
2020-09-23;10:00;-73.840965;40.7422;0;0
2020-09-23;10:00;-73.88233;40.85106;1;0
2020-09-23;10:05;-73.88779;40.86805;0;0
2020-09-23;10:10;-73.92426;40.743805;0;0
2020-09-23;10:11;-73.92879;40.68157;0;0
2020-09-23;10:15;-73.86317;40.83553;0;0
2020-09-23;10:19;-74.08212;40.619606;0;0
2020-09-23;10:20;-73.82981;40.88152;0;0
2020-09-23;10:23;-73.84077;40.7925;1;0
2020-09-23;10:30;-73.93541;40.84243;0;0
2020-09-23;10:45;-73.8049;40.69585;0;0
2020-09-23;10:45;-74.15278;40.628117;0;0
2020-09-23;10:50;-73.82711;40.724266;1;0
2020-09-23;11:00;-73.89038;40.676594;0;0
2020-09-23;11:00;-74.19378;40.535835;1;0
2020-09-23;11:10;-73.90878;40.698254;1;0
2020-09-23;11:11;-73.7272;40.65973;0;0
2020-09-23;11:15;-74.11302;40.630238;0;0
2020-09-23;11:15;-73.891136;40.85869;1;0
2020-09-23;11:15;-73.90092;40.734123;1;0
2020-09-23;11:16;-73.90829;40.758556;0;0
2020-09-23;11:17;-73.94924;40.742523;0;0
2020-09-23;11:23;-73.92936;40.64213;0;0
2020-09-23;11:25;-73.90884;40.725388;0;0
2020-09-23;11:26;-73.899445;40.874157;0;0
2020-09-23;11:30;-73.906105;40.877068;0;0
2020-09-23;11:35;-73.928764;40.829185;0;0
2020-09-23;11:40;-73.98656;40.633488;0;0
2020-09-23;11:40;-73.95925;40.720627;0;0
2020-09-23;11:41;-74.02901;40.633995;0;0
2020-09-23;11:43;-73.91778;40.624763;2;0
2020-09-23;11:45;-74.18356;40.548103;0;0
2020-09-23;11:45;-73.80954;40.689785;0;0
2020-09-23;11:48;-73.931335;40.66059;0;0
2020-09-23;11:50;-73.95771;40.779495;0;0
2020-09-23;11:50;-73.961075;40.760857;0;0
2020-09-23;11:58;-73.83788;40.821785;2;0
2020-09-23;12:00;-73.98703;40.69768;0;0
2020-09-23;12:00;-73.90269;40.675785;0;0
2020-09-23;12:00;-73.79326;40.685436;0;0
2020-09-23;12:15;-73.91797;40.806114;0;0
2020-09-23;12:15;-73.87528;40.713135;1;0
2020-09-23;12:16;-74.15045;40.585266;2;0
2020-09-23;12:20;-73.81173;40.66669;1;0
2020-09-23;12:30;-73.99085;40.574326;0;0
2020-09-23;12:30;-73.7772;40.758255;1;0
2020-09-23;12:42;-73.8905;40.689617;0;0
2020-09-23;12:50;-73.98869;40.696198;0;0
2020-09-23;12:50;-73.94749;40.71277;2;0
2020-09-23;13:00;-73.923386;40.80843;0;0
2020-09-23;13:00;-73.986565;40.761658;1;0
2020-09-23;13:07;-73.829704;40.714622;1;0
2020-09-23;13:16;-73.93111;40.751984;0;0
2020-09-23;13:25;-73.93513;40.632427;0;0
2020-09-23;13:25;-73.9414;40.81847;1;0
2020-09-23;13:30;-73.79326;40.685436;0;0
2020-09-23;13:30;-73.87329;40.83801;0;0
2020-09-23;13:30;-74.00119;40.675682;0;0
2020-09-23;13:30;-73.87034;40.73204;0;0
2020-09-23;13:32;-73.9546;40.61617;1;0
2020-09-23;13:35;-73.94043;40.701077;1;0
2020-09-23;13:35;-73.7781;40.76105;1;0
2020-09-23;13:40;-73.81766;40.81974;0;0
2020-09-23;13:40;-73.94224;40.7118;1;0
2020-09-23;13:45;-73.860725;40.756287;1;0
2020-09-23;13:45;-73.94383;40.701862;2;0
2020-09-23;13:48;-73.82799;40.75763;0;0
2020-09-23;13:50;-74.16611;40.590393;1;0
2020-09-23;13:53;-74.002716;40.72364;0;0
2020-09-23;13:55;-73.93077;40.655334;1;0
2020-09-23;13:55;-73.86071;40.88125;2;0
2020-09-23;14:00;-73.98058;40.716454;0;0
2020-09-23;14:00;-73.90902;40.754276;0;0
2020-09-23;14:00;-74.138664;40.637566;0;0
2020-09-23;14:00;-73.89323;40.859875;1;0
2020-09-23;14:00;-73.97786;40.617287;1;0
2020-09-23;14:10;-74.14584;40.588562;1;0
2020-09-23;14:15;-73.77022;40.744892;1;0
2020-09-23;14:24;-73.99207;40.760696;0;0
2020-09-23;14:25;-73.9543;40.699295;0;0
2020-09-23;14:30;-73.99443;40.639156;0;0
2020-09-23;14:31;-73.81672;40.821095;0;0
2020-09-23;14:43;-73.78302;40.684277;0;0
2020-09-23;14:45;-73.95116;40.648834;0;0
2020-09-23;14:45;-73.89372;40.583725;0;0
2020-09-23;14:45;-73.85201;40.75218;2;0
2020-09-23;14:50;-73.99092;40.77099;0;0
2020-09-23;14:50;-73.99919;40.739243;1;0
2020-09-23;14:50;-73.80313;40.67766;1;0
2020-09-23;14:55;-73.85579;40.86544;1;0
2020-09-23;14:56;-73.93614;40.697468;0;0
2020-09-23;15:00;-73.91647;40.676647;0;0
2020-09-23;15:00;-74.176315;40.61137;0;0
2020-09-23;15:00;-73.97333;40.68562;1;0
2020-09-23;15:10;-73.956924;40.71432;0;0
2020-09-23;15:10;-73.98363;40.7366;0;0
2020-09-23;15:15;-73.77711;40.679688;0;0
2020-09-23;15:20;-73.98071;40.68532;0;0
2020-09-23;15:20;-73.99683;40.723015;1;0
2020-09-23;15:21;-73.962074;40.763733;0;0
2020-09-23;15:29;-73.88076;40.648056;0;0
2020-09-23;15:30;-73.97157;40.629986;2;0
2020-09-23;15:32;-73.86316;40.82559;1;0
2020-09-23;15:44;-73.94043;40.69987;1;0
2020-09-23;15:49;-73.952866;40.590294;1;0
2020-09-23;15:50;-73.96088;40.713593;0;0
2020-09-23;16:00;-73.83897;40.87475;0;0
2020-09-23;16:00;-73.97305;40.65391;0;0
2020-09-23;16:00;-73.952736;40.64876;0;0
2020-09-23;16:00;-73.75065;40.671658;0;0
2020-09-23;16:02;-73.929146;40.846165;0;0
2020-09-23;16:02;-73.94428;40.781933;1;0
2020-09-23;16:03;-73.93247;40.618603;0;0
2020-09-23;16:05;-73.99118;40.717342;0;0
2020-09-23;16:05;-73.9997;40.743652;1;0
2020-09-23;16:14;-73.90839;40.673824;0;0
2020-09-23;16:15;-73.95318;40.74549;0;0
2020-09-23;16:20;-73.98153;40.78028;0;0
2020-09-23;16:20;-73.8271;40.75714;1;0
2020-09-23;16:30;-74.11348;40.568073;0;0
2020-09-23;16:30;-74.1659;40.56028;0;0
2020-09-23;16:30;-73.96121;40.71025;1;0
2020-09-23;16:35;-73.952614;40.73539;0;0
2020-09-23;16:40;-73.93928;40.670788;0;0
2020-09-23;16:40;-73.983955;40.66803;0;0
2020-09-23;16:45;-73.92869;40.65547;0;0
2020-09-23;16:48;-74.00146;40.676834;0;0
2020-09-23;16:50;-73.961395;40.767555;0;0
2020-09-23;16:55;-73.92553;40.624416;0;0
2020-09-23;17:00;-73.98998;40.612564;0;0
2020-09-23;17:00;-73.9159;40.832024;0;0
2020-09-23;17:05;-73.934586;40.739674;1;0
2020-09-23;17:05;-73.902954;40.701454;1;0
2020-09-23;17:05;-73.87974;40.655563;1;0
2020-09-23;17:10;-73.934044;40.837315;0;0
2020-09-23;17:15;-73.98186;40.766285;1;0
2020-09-23;17:20;-73.87798;40.761795;0;0
2020-09-23;17:22;-74.00305;40.718025;0;0
2020-09-23;17:24;-73.74481;40.72994;0;0
2020-09-23;17:25;-73.98294;40.69977;0;0
2020-09-23;17:26;-73.90104;40.658302;0;0
2020-09-23;17:28;-73.96;40.68112;0;0
2020-09-23;17:30;-73.914856;40.830257;0;0
2020-09-23;17:30;-73.92368;40.64482;0;0
2020-09-23;17:30;-74.11608;40.564217;0;0
2020-09-23;17:31;-73.812195;40.722614;0;0
2020-09-23;17:40;-73.86789;40.666996;0;0
2020-09-23;17:40;-73.91368;40.61555;0;0
2020-09-23;17:40;-73.97059;40.793777;0;0
2020-09-23;17:40;-73.90375;40.675407;0;0
2020-09-23;17:45;-73.87154;40.704704;1;0
2020-09-23;17:45;-73.92846;40.70618;1;0
2020-09-23;17:56;-73.9743;40.621998;1;0
2020-09-23;18:00;-73.89583;40.81672;0;0
2020-09-23;18:00;-73.935394;40.761353;0;0
2020-09-23;18:00;-73.82091;40.76616;0;0
2020-09-23;18:00;-73.941124;40.834114;0;0
2020-09-23;18:00;-73.91434;40.58493;0;0
2020-09-23;18:00;-73.7421;40.67165;1;0
2020-09-23;18:00;-73.899315;40.67398;1;0
2020-09-23;18:07;-73.94905;40.64599;1;0
2020-09-23;18:08;-73.746826;40.697525;0;0
2020-09-23;18:10;-73.85927;40.76002;0;0
2020-09-23;18:10;-73.85718;40.80878;1;0
2020-09-23;18:15;-73.86982;40.682186;1;0
2020-09-23;18:30;-73.94186;40.727757;0;0
2020-09-23;18:30;-73.97799;40.694256;0;0
2020-09-23;18:38;-73.92335;40.613235;0;0
2020-09-23;18:40;-73.86172;40.67661;0;0
2020-09-23;18:40;-74.01865;40.62707;1;0
2020-09-23;18:45;-73.82495;40.83779;1;0
2020-09-23;18:45;-73.83582;40.722496;1;0
2020-09-23;18:47;-73.95695;40.770752;0;0
2020-09-23;18:50;-73.928215;40.86361;1;0
2020-09-23;18:51;-73.98399;40.68817;1;0
2020-09-23;18:55;-73.92661;40.65287;0;0
2020-09-23;18:57;-73.86716;40.750465;0;0
2020-09-23;19:00;-73.91742;40.684032;1;0
2020-09-23;19:17;-73.79793;40.67405;0;0
2020-09-23;19:20;-73.96171;40.699924;1;0
2020-09-23;19:21;-73.79531;40.59289;1;0
2020-09-23;19:23;-73.89256;40.64891;2;0
2020-09-23;19:26;-73.878914;40.879803;0;0
2020-09-23;19:30;-73.75522;40.664707;0;0
2020-09-23;19:30;-73.792244;40.770382;0;0
2020-09-23;19:31;-73.971;40.758373;1;0
2020-09-23;19:37;-73.923065;40.844105;1;0
2020-09-23;19:40;-73.70845;40.727673;0;0
2020-09-23;19:44;-73.96119;40.598312;0;0
2020-09-23;19:45;-73.96115;40.707523;0;0
2020-09-23;19:45;-73.92113;40.628586;0;0
2020-09-23;19:45;-73.90991;40.699703;1;0
2020-09-23;19:47;-73.902725;40.85352;1;0
2020-09-23;19:55;-73.91931;40.838127;0;0
2020-09-23;1:20;-73.92183;40.766346;0;0
2020-09-23;20:00;-73.86415;40.823494;0;0
2020-09-23;20:00;-73.89372;40.583725;1;0
2020-09-23;20:15;-73.934975;40.696827;0;0
2020-09-23;20:15;-73.96314;40.674572;1;0
2020-09-23;20:20;-73.91836;40.675163;0;0
2020-09-23;20:22;-73.89335;40.86414;0;0
2020-09-23;20:30;-73.829605;40.69532;0;0
2020-09-23;20:50;-73.86555;40.87889;1;0
2020-09-23;21:15;-73.84625;40.812748;1;0
2020-09-23;21:17;-73.914314;40.771523;0;1
2020-09-23;21:19;-73.94245;40.666725;1;0
2020-09-23;21:35;-73.90926;40.672947;3;0
2020-09-23;21:44;-73.88364;40.85391;1;0
2020-09-23;22:00;-73.91109;40.679516;0;0
2020-09-23;22:00;-73.751724;40.702286;0;0
2020-09-23;22:10;-73.98576;40.757416;0;0
2020-09-23;22:15;-73.92031;40.835396;2;0
2020-09-23;22:20;-73.97213;40.743156;1;0
2020-09-23;22:30;-73.99291;40.747852;1;0
2020-09-23;22:40;-73.7074;40.729515;0;0
2020-09-23;22:55;-73.967026;40.749172;0;0
2020-09-23;23:00;-73.944855;40.799984;0;0
2020-09-23;23:00;-73.90893;40.66255;1;0
2020-09-23;23:10;-73.90779;40.63622;0;0
2020-09-23;23:15;-73.93373;40.670734;1;0
2020-09-23;23:30;-73.80228;40.693344;1;0
2020-09-23;23:40;-73.84064;40.683514;1;0
2020-09-23;3:20;-73.801636;40.770836;0;0
2020-09-23;3:35;-73.88186;40.6676;1;0
2020-09-23;4:00;-73.83466;40.841076;0;0
2020-09-23;4:08;-73.93155;40.66434;0;0
2020-09-23;5:04;-73.88497;40.808716;2;0
2020-09-23;5:10;-73.92832;40.84739;2;0
2020-09-23;5:30;-73.94295;40.72766;0;0
2020-09-23;5:57;-73.93909;40.656097;0;0
2020-09-23;6:00;-73.90257;40.874493;0;0
2020-09-23;6:00;-73.99537;40.739403;2;0
2020-09-23;6:24;-73.89831;40.636734;1;0
2020-09-23;6:30;-73.89764;40.91032;0;0
2020-09-23;6:30;-73.86203;40.83138;2;0
2020-09-23;6:35;-74.16617;40.63685;0;0
2020-09-23;6:40;-73.85413;40.831593;0;0
2020-09-23;6:45;-73.916595;40.808132;0;0
2020-09-23;6:45;-74.12623;40.624866;1;0
2020-09-23;6:54;-73.841705;40.900208;0;0
2020-09-23;7:00;-73.9084;40.66262;0;0
2020-09-23;7:00;-73.962814;40.701256;0;0
2020-09-23;7:20;-73.77432;40.66798;0;0
2020-09-23;7:25;-73.774506;40.671825;1;0
2020-09-23;7:34;-73.84188;40.789314;1;0
2020-09-23;7:35;-73.95659;40.696785;1;0
2020-09-23;7:40;-73.89063;40.658577;0;0
2020-09-23;7:45;-73.961716;40.771107;1;0
2020-09-23;7:55;-73.93251;40.62788;0;0
2020-09-23;7:55;-73.8226;40.86658;1;0
2020-09-23;7:58;-73.95386;40.663727;0;0
2020-09-23;8:00;-74.00166;40.574387;0;0
2020-09-23;8:00;-73.79255;40.73897;0;0
2020-09-23;8:00;-74.02384;40.64592;1;0
2020-09-23;8:00;-73.78657;40.734173;1;0
2020-09-23;8:05;-73.941826;40.62731;0;0
2020-09-23;8:05;-73.961975;40.60784;0;0
2020-09-23;8:05;-73.80598;40.78628;0;0
2020-09-23;8:09;-73.82281;40.74147;0;0
2020-09-23;8:30;-73.91721;40.866814;0;0
2020-09-23;8:30;-73.95379;40.662945;0;0
2020-09-23;8:35;-73.94502;40.70109;0;0
2020-09-23;8:40;-73.93779;40.80452;0;0
2020-09-23;8:40;-73.99057;40.612003;1;0
2020-09-23;8:40;-73.93317;40.795055;1;0
2020-09-23;8:40;-73.98191;40.732197;2;0
2020-09-23;8:40;-73.947075;40.784237;2;0
2020-09-23;8:45;-73.86235;40.675278;0;0
2020-09-23;8:45;-73.98351;40.77606;0;0
2020-09-23;8:47;-73.89995;40.867207;0;0
2020-09-23;8:50;-73.85298;40.842518;0;0
2020-09-23;8:50;-73.94015;40.797802;0;0
2020-09-23;8:55;-73.97515;40.68087;0;0
2020-09-23;9:00;-73.956345;40.82309;0;0
2020-09-23;9:00;-73.94403;40.78296;1;0
2020-09-23;9:05;-73.802475;40.80931;0;0
2020-09-23;9:24;-73.9246;40.64664;0;0
2020-09-23;9:30;-73.93833;40.71252;0;0
2020-09-23;9:30;-73.85906;40.833412;0;0
2020-09-23;9:30;-73.97006;40.60696;1;0
2020-09-23;9:30;-73.87235;40.86801;2;0
2020-09-23;9:35;-73.930084;40.607765;0;0
2020-09-23;9:40;-73.94132;40.670307;0;0
2020-09-23;9:40;-73.93711;40.75957;0;0
2020-09-23;9:44;-73.8742;40.877113;0;0
2020-09-23;9:45;-73.94087;40.720886;0;0
2020-09-23;9:50;-73.82281;40.74147;0;0
2020-09-22;0:00;-73.93847;40.71764;0;0
2020-09-22;0:00;-73.91703;40.67069;0;0
2020-09-22;0:00;-73.80746;40.672222;0;0
2020-09-22;0:00;-73.82773;40.742935;0;0
2020-09-22;0:00;-73.963684;40.701378;1;0
2020-09-22;0:00;-74.08775;40.611553;1;0
2020-09-22;0:10;-73.9486;40.650856;0;0
2020-09-22;0:10;-73.896645;40.681885;0;0
2020-09-22;0:20;-73.966965;40.60566;1;0
2020-09-22;0:24;-73.95648;40.65671;0;0
2020-09-22;0:43;-73.89449;40.88742;0;0
2020-09-22;0:57;-73.93003;40.80119;0;0
2020-09-22;0:58;-73.85564;40.82909;0;0
2020-09-22;10:00;-73.85667;40.8752;0;0
2020-09-22;10:00;-73.830444;40.772655;0;0
2020-09-22;10:00;-73.7281;40.711033;0;0
2020-09-22;10:05;-73.854225;40.752052;0;0
2020-09-22;10:16;-73.99459;40.60242;0;0
2020-09-22;10:35;-73.9753;40.620914;0;0
2020-09-22;10:37;-73.98122;40.72507;0;0
2020-09-22;10:40;-73.94775;40.62091;0;0
2020-09-22;10:40;-73.94952;40.793606;0;0
2020-09-22;10:45;-73.94561;40.719566;0;0
2020-09-22;10:55;-73.903656;40.640236;0;0
2020-09-22;10:57;-73.976074;40.67471;0;0
2020-09-22;10:59;-73.95094;40.825756;0;0
2020-09-22;11:00;-73.8693;40.73409;0;0
2020-09-22;11:29;-73.84086;40.720066;1;0
2020-09-22;11:35;-73.97737;40.630642;0;0
2020-09-22;11:36;-74.02932;40.630253;0;0
2020-09-22;11:44;-73.949936;40.74044;0;0
2020-09-22;11:45;-73.80878;40.68846;1;0
2020-09-22;11:50;-73.94055;40.701797;1;0
2020-09-22;11:57;-73.919106;40.66423;1;0
2020-09-22;12:00;-73.79147;40.593124;0;0
2020-09-22;12:00;-73.83447;40.678944;1;0
2020-09-22;12:05;-73.83186;40.76299;0;0
2020-09-22;12:16;-74.02993;40.617157;0;0
2020-09-22;12:17;-73.92844;40.6952;0;0
2020-09-22;12:20;-73.94666;40.717907;2;0
2020-09-22;12:25;-73.848816;40.723694;0;0
2020-09-22;12:30;-73.91234;40.654137;0;0
2020-09-22;12:34;-73.87441;40.689133;0;0
2020-09-22;12:34;-73.947365;40.835922;0;0
2020-09-22;12:36;-73.91495;40.848793;1;0
2020-09-22;12:37;-74.11248;40.63592;0;0
2020-09-22;12:50;-73.87994;40.82364;0;0
2020-09-22;12:50;-73.944336;40.703587;1;0
2020-09-22;13:00;-74.009125;40.63246;0;0
2020-09-22;13:00;-74.00645;40.644577;0;0
2020-09-22;13:00;-73.906105;40.877068;0;0
2020-09-22;13:00;-73.9632;40.614384;1;0
2020-09-22;13:10;-73.85455;40.84888;1;0
2020-09-22;13:12;-73.99352;40.63025;0;0
2020-09-22;13:15;-73.91662;40.82499;1;0
2020-09-22;13:19;-73.950554;40.716087;0;0
2020-09-22;13:30;-73.94695;40.79423;0;0
2020-09-22;13:30;-73.913765;40.83874;1;0
2020-09-22;13:35;-73.895744;40.85814;0;0
2020-09-22;13:40;-74.08151;40.619934;0;0
2020-09-22;13:45;-73.954346;40.762676;0;0
2020-09-22;13:45;-73.80485;40.73834;0;0
2020-09-22;13:50;-73.9736;40.784534;0;0
2020-09-22;13:57;-73.791664;40.704853;1;0
2020-09-22;14:00;-73.93675;40.67695;0;0
2020-09-22;14:00;-73.938515;40.75021;0;0
2020-09-22;14:00;-73.80177;40.69167;2;0
2020-09-22;14:03;-73.880615;40.839134;2;0
2020-09-22;14:30;-73.994934;40.717133;0;0
2020-09-22;14:30;-73.82577;40.704426;0;0
2020-09-22;14:30;-73.979294;40.636414;1;0
2020-09-22;14:30;-73.94049;40.722576;2;0
2020-09-22;14:30;-73.90683;40.851807;2;0
2020-09-22;14:32;-74.00696;40.598953;0;0
2020-09-22;14:38;-73.99808;40.599052;0;0
2020-09-22;14:40;-73.91749;40.735462;0;0
2020-09-22;14:45;-73.896194;40.7053;0;0
2020-09-22;14:46;-73.902054;40.714195;0;0
2020-09-22;14:47;-73.837776;40.72545;1;0
2020-09-22;14:50;-73.95394;40.801285;0;0
2020-09-22;14:50;-73.93285;40.656475;1;0
2020-09-22;15:00;-73.88445;40.637196;0;0
2020-09-22;15:00;-73.911026;40.65295;1;0
2020-09-22;15:00;-73.81808;40.72393;1;0
2020-09-22;15:07;-73.95127;40.774292;0;0
2020-09-22;15:10;-73.887825;40.7672;0;0
2020-09-22;15:10;-73.949745;40.807037;0;0
2020-09-22;15:12;-73.920715;40.608204;1;0
2020-09-22;15:14;-73.87529;40.824207;1;0
2020-09-22;15:17;-73.86854;40.74759;0;0
2020-09-22;15:20;-73.85511;40.88527;0;0
2020-09-22;15:20;-73.95525;40.71814;0;0
2020-09-22;15:20;-73.983536;40.738323;1;0
2020-09-22;15:20;-73.90802;40.713013;1;0
2020-09-22;15:25;-73.82108;40.81672;0;0
2020-09-22;15:30;-73.94278;40.75831;0;0
2020-09-22;15:30;-73.87652;40.64254;0;0
2020-09-22;15:30;-73.91609;40.828064;0;0
2020-09-22;15:39;-73.97485;40.582863;1;0
2020-09-22;15:46;-73.978065;40.671112;0;0
2020-09-22;15:50;-74.0288;40.63996;0;0
2020-09-22;15:58;-73.81685;40.675766;0;0
2020-09-22;15:59;-73.94715;40.675945;1;0
2020-09-22;16:00;-73.94247;40.844597;0;0
2020-09-22;16:02;-73.83128;40.86786;0;0
2020-09-22;16:02;-73.90265;40.698013;0;0
2020-09-22;16:02;-73.99678;40.72543;0;0
2020-09-22;16:03;-74.10402;40.586983;0;0
2020-09-22;16:05;-73.87034;40.874264;0;0
2020-09-22;16:05;-73.96824;40.695206;0;0
2020-09-22;16:07;-74.002754;40.677605;0;0
2020-09-22;16:10;-73.83396;40.757183;1;0
2020-09-22;16:16;-74.02193;40.637436;1;0
2020-09-22;16:16;-73.95559;40.779495;1;0
2020-09-22;16:20;-73.87885;40.841522;0;0
2020-09-22;16:20;-74.07994;40.606327;0;0
2020-09-22;16:20;-73.91979;40.840874;1;0
2020-09-22;16:24;-73.789734;40.68378;1;0
2020-09-22;16:28;-74.00366;40.729343;0;0
2020-09-22;16:30;-73.92069;40.705215;0;0
2020-09-22;16:30;-74.06818;40.616833;1;0
2020-09-22;16:30;-73.826675;40.779182;1;0
2020-09-22;16:38;-73.96803;40.759575;1;0
2020-09-22;16:40;-73.97762;40.633152;0;0
2020-09-22;16:40;-73.72787;40.685722;0;0
2020-09-22;16:41;-73.92884;40.697186;0;0
2020-09-22;16:41;-73.89298;40.88327;1;0
2020-09-22;16:42;-73.88881;40.698654;0;0
2020-09-22;16:44;-73.904854;40.75725;1;0
2020-09-22;16:45;-73.90634;40.741714;0;0
2020-09-22;16:50;-73.9101;40.667156;4;0
2020-09-22;16:52;-73.83531;40.711086;0;0
2020-09-22;17:00;-73.94;40.798836;0;0
2020-09-22;17:00;-73.951;40.7809;0;0
2020-09-22;17:00;-74.11979;40.575813;0;0
2020-09-22;17:00;-73.7281;40.711033;0;0
2020-09-22;17:00;-73.785225;40.76567;1;0
2020-09-22;17:00;-73.85089;40.737553;1;0
2020-09-22;17:00;-73.85679;40.81566;2;0
2020-09-22;17:05;-73.9989;40.713375;0;0
2020-09-22;17:06;-73.92031;40.835396;0;0
2020-09-22;17:17;-73.92357;40.61178;1;0
2020-09-22;17:20;-73.928764;40.829185;0;0
2020-09-22;17:24;-73.91955;40.63147;0;0
2020-09-22;17:30;-73.916084;40.671066;0;0
2020-09-22;17:30;-73.895164;40.700737;1;0
2020-09-22;17:36;-73.91397;40.848606;0;0
2020-09-22;17:39;-73.84594;40.842766;0;0
2020-09-22;17:39;-73.96402;40.624905;1;0
2020-09-22;17:45;-73.91825;40.62877;0;0
2020-09-22;17:45;-73.74295;40.676952;0;0
2020-09-22;17:47;-73.93209;40.70705;0;0
2020-09-22;17:50;-73.942726;40.811565;1;0
2020-09-22;17:54;-73.9087;40.686417;1;0
2020-09-22;18:00;-73.85424;40.82483;0;0
2020-09-22;18:00;-73.791885;40.756847;0;0
2020-09-22;18:00;-73.805115;40.70352;0;0
2020-09-22;18:00;-73.93496;40.737785;0;0
2020-09-22;18:05;-73.90851;40.853813;2;0
2020-09-22;18:14;-73.9449;40.8017;1;0
2020-09-22;18:20;-73.96944;40.753624;0;0
2020-09-22;18:20;-73.90843;40.722446;0;0
2020-09-22;18:21;-73.93477;40.698696;1;0
2020-09-22;18:26;-73.91282;40.861862;0;0
2020-09-22;18:27;-73.8947;40.742573;1;0
2020-09-22;18:45;-73.7334;40.74425;0;0
2020-09-22;18:48;-73.98036;40.78994;0;0
2020-09-22;18:50;-73.8952;40.63874;2;0
2020-09-22;19:00;-73.86917;40.853683;0;0
2020-09-22;19:00;-73.85854;40.88969;0;0
2020-09-22;19:00;-73.97078;40.64611;0;0
2020-09-22;19:00;-73.98042;40.582977;0;0
2020-09-22;19:09;-74.120056;40.560394;0;0
2020-09-22;19:17;-73.81648;40.665997;3;0
2020-09-22;19:18;-73.87482;40.895725;0;0
2020-09-22;19:27;-73.89887;40.678738;1;0
2020-09-22;19:30;-73.73218;40.692646;0;0
2020-09-22;19:30;-73.92949;40.746185;1;0
2020-09-22;19:30;-73.81303;40.702496;1;0
2020-09-22;19:31;-73.907906;40.718723;0;0
2020-09-22;19:56;-73.819534;40.66549;1;0
2020-09-22;1:15;-73.9213;40.63032;0;0
2020-09-22;1:23;-73.95674;40.64029;0;0
2020-09-22;1:38;-73.82975;40.829422;0;0
2020-09-22;1:45;-73.91647;40.676647;0;0
2020-09-22;1:50;-73.91647;40.676647;0;0
2020-09-22;20:13;-73.93171;40.705658;0;0
2020-09-22;20:25;-73.85174;40.861046;0;0
2020-09-22;20:30;-73.750854;40.69483;0;0
2020-09-22;20:30;-73.848854;40.68816;0;0
2020-09-22;20:35;-73.90908;40.813232;1;0
2020-09-22;20:45;-73.927605;40.59506;0;0
2020-09-22;21:00;-73.8686;40.73261;0;0
2020-09-22;21:15;-73.89;40.65114;4;0
2020-09-22;21:30;-73.870155;40.87831;0;0
2020-09-22;21:30;-73.87502;40.835175;0;0
2020-09-22;21:30;-74.01296;40.64943;1;0
2020-09-22;21:40;-73.94777;40.633717;1;0
2020-09-22;21:45;-73.900566;40.741077;0;0
2020-09-22;21:45;-73.84503;40.689236;1;0
2020-09-22;21:50;-73.8978;40.843956;1;0
2020-09-22;22:00;-73.91398;40.66698;0;0
2020-09-22;22:00;-73.97209;40.631218;0;0
2020-09-22;22:00;-73.90375;40.847324;1;0
2020-09-22;22:01;-73.93962;40.65777;0;0
2020-09-22;22:18;-73.93072;40.83057;0;0
2020-09-22;22:25;-73.73582;40.67437;0;0
2020-09-22;22:25;-73.8282;40.833233;1;0
2020-09-22;22:29;-73.87743;40.680016;0;0
2020-09-22;22:30;-73.88373;40.66843;1;0
2020-09-22;22:36;-73.94018;40.709713;0;0
2020-09-22;22:38;-73.90392;40.6633;0;0
2020-09-22;22:40;-73.8125;40.687443;1;0
2020-09-22;22:50;-73.90891;40.748825;0;0
2020-09-22;23:11;-73.99568;40.630787;1;0
2020-09-22;23:18;-73.91375;40.65417;1;0
2020-09-22;23:25;-73.94732;40.652782;0;0
2020-09-22;23:25;-73.99607;40.722435;1;0
2020-09-22;23:35;-73.89532;40.748596;0;0
2020-09-22;23:40;-73.782715;40.666935;0;0
2020-09-22;23:52;-73.92827;40.856808;0;0
2020-09-22;2:57;-73.87101;40.661156;0;0
2020-09-22;4:30;-73.91695;40.671608;0;0
2020-09-22;4:30;-73.91725;40.74094;1;0
2020-09-22;4:55;-73.896545;40.82961;0;0
2020-09-22;5:00;-73.97489;40.736988;0;0
2020-09-22;5:35;-73.754776;40.703007;0;0
2020-09-22;6:00;-73.896095;40.74833;1;0
2020-09-22;6:15;-73.853645;40.8879;0;0
2020-09-22;6:22;-73.90596;40.636856;0;0
2020-09-22;6:30;-73.89847;40.65945;1;0
2020-09-22;6:56;-73.93603;40.81207;1;0
2020-09-22;6:57;-73.82133;40.748756;1;0
2020-09-22;7:15;-73.93819;40.69864;0;0
2020-09-22;7:45;-73.93159;40.663227;0;0
2020-09-22;7:46;-74.01103;40.725937;0;0
2020-09-22;8:10;-73.91769;40.687004;0;0
2020-09-22;8:14;-73.83872;40.781136;0;0
2020-09-22;8:15;-73.853485;40.72201;0;0
2020-09-22;8:15;-73.83778;40.781654;0;0
2020-09-22;8:17;-73.99826;40.60461;1;0
2020-09-22;8:35;-73.88906;40.889183;1;0
2020-09-22;9:00;-73.93987;40.651295;0;0
2020-09-22;9:00;-73.94306;40.716805;0;0
2020-09-22;9:12;-73.9742;40.75318;0;0
2020-09-22;9:15;-73.9526;40.810764;1;0
2020-09-22;9:27;-73.95648;40.771385;0;0
2020-09-22;9:30;-73.7682;40.6618;0;0
2020-09-22;9:30;-73.94121;40.64472;1;0
2020-09-22;9:40;-73.95228;40.648792;0;0
2020-09-22;9:46;-73.82261;40.762756;0;0
2020-09-22;9:50;-73.94628;40.70222;0;0
2020-09-22;9:50;-73.91788;40.698536;0;0
2020-09-22;9:50;-73.99987;40.75977;1;0
2020-09-22;9:57;-73.8939;40.821514;0;0
2020-09-22;9:59;-73.95709;40.69447;0;0
2020-09-21;0:00;-73.92724;40.836708;0;0
2020-09-21;0:00;-73.85102;40.902695;0;0
2020-09-21;0:00;-74.00734;40.651512;0;0
2020-09-21;0:00;-73.899124;40.732975;0;0
2020-09-21;0:00;-73.91167;40.70243;0;0
2020-09-21;0:00;-74.008286;40.616043;2;0
2020-09-21;0:10;-73.91037;40.782097;0;0
2020-09-21;0:11;-74.0043;40.640553;0;0
2020-09-21;0:20;-73.82866;40.677654;0;0
2020-09-21;0:24;-73.87767;40.73675;0;0
2020-09-21;0:32;-74.01254;40.632633;1;0
2020-09-21;0:44;-73.95352;40.68138;3;0
2020-09-21;0:50;-74.02212;40.60459;0;0
2020-09-21;0:55;-73.98114;40.605278;0;0
2020-09-21;0:56;-73.930016;40.83829;0;0
2020-09-21;10:00;-73.98969;40.684795;0;0
2020-09-21;10:00;-73.89615;40.6653;0;0
2020-09-21;10:00;-73.912895;40.77052;0;0
2020-09-21;10:00;-73.81885;40.75035;0;0
2020-09-21;10:05;-73.82479;40.66741;2;0
2020-09-21;10:06;-73.890396;40.854687;0;0
2020-09-21;10:10;-73.806915;40.702477;0;0
2020-09-21;10:20;-73.92079;40.77079;0;0
2020-09-21;10:20;-73.727974;40.762978;0;0
2020-09-21;10:20;-73.95338;40.68064;1;0
2020-09-21;10:22;-73.98525;40.73337;1;0
2020-09-21;10:25;-74.000656;40.73723;1;0
2020-09-21;10:35;-73.94773;40.80207;0;0
2020-09-21;10:50;-73.98391;40.69484;0;0
2020-09-21;10:53;-73.93975;40.80118;1;0
2020-09-21;11:00;-73.87383;40.87777;0;0
2020-09-21;11:00;-73.95045;40.69523;0;0
2020-09-21;11:00;-73.94509;40.821045;0;0
2020-09-21;11:01;-73.95571;40.761272;0;0
2020-09-21;11:07;-73.9784;40.726246;0;0
2020-09-21;11:08;-73.93147;40.813114;0;0
2020-09-21;11:08;-73.93147;40.813114;0;0
2020-09-21;11:09;-73.92797;40.842503;0;0
2020-09-21;11:12;-73.93308;40.677624;0;0
2020-09-21;11:26;-73.99777;40.67474;1;0
2020-09-21;11:30;-73.814964;40.764816;1;0
2020-09-21;11:30;-73.81035;40.749336;1;0
2020-09-21;11:30;-74.09844;40.611313;2;0
2020-09-21;11:40;-73.91135;40.672073;0;0
2020-09-21;11:40;-73.966896;40.68348;0;0
2020-09-21;11:45;-73.91345;40.772243;0;0
2020-09-21;11:45;-73.760056;40.601368;2;0
2020-09-21;11:48;-73.90963;40.83228;1;0
2020-09-21;11:50;-73.87562;40.8399;1;0
2020-09-21;11:50;-73.94484;40.616043;1;0
2020-09-21;12:00;-74.08271;40.644737;0;0
2020-09-21;12:02;-73.85981;40.702484;0;0
2020-09-21;12:11;-73.91113;40.84942;1;0
2020-09-21;12:20;-73.894066;40.86235;0;0
2020-09-21;12:20;-73.7711;40.67824;1;0
2020-09-21;12:29;-73.9221;40.62853;2;0
2020-09-21;12:40;-73.95272;40.746876;1;0
2020-09-21;12:40;-73.86286;40.747158;1;0
2020-09-21;12:45;-73.87581;40.8264;0;0
2020-09-21;12:45;-73.83772;40.783222;1;0
2020-09-21;12:55;-73.89386;40.730804;1;0
2020-09-21;13:00;-73.83131;40.88919;1;0
2020-09-21;13:10;-73.957535;40.696674;0;0
2020-09-21;13:14;-73.86095;40.838924;0;0
2020-09-21;13:15;-73.86825;40.70297;0;0
2020-09-21;13:15;-73.96822;40.767967;0;0
2020-09-21;13:20;-73.988106;40.72877;0;0
2020-09-21;13:30;-73.918304;40.66116;0;0
2020-09-21;13:35;-73.947235;40.79094;1;0
2020-09-21;13:39;-73.83178;40.764454;1;0
2020-09-21;13:40;-73.76301;40.60269;0;0
2020-09-21;13:48;-73.96848;40.708805;0;0
2020-09-21;13:50;-73.73614;40.704746;0;0
2020-09-21;13:50;-73.94293;40.823257;1;0
2020-09-21;14:00;-73.93209;40.674236;0;0
2020-09-21;14:00;-74.00237;40.685738;0;0
2020-09-21;14:00;-73.919586;40.706306;0;0
2020-09-21;14:00;-73.93267;40.75414;0;0
2020-09-21;14:00;-73.834404;40.715492;0;0
2020-09-21;14:00;-74.14445;40.54387;0;0
2020-09-21;14:00;-73.810135;40.75684;0;0
2020-09-21;14:00;-73.7564;40.74947;0;0
2020-09-21;14:00;-73.92024;40.631016;1;0
2020-09-21;14:10;-73.74373;40.706005;0;0
2020-09-21;14:19;-73.82318;40.75819;1;0
2020-09-21;14:20;-73.96584;40.716446;0;0
2020-09-21;14:20;-74.16984;40.570877;1;0
2020-09-21;14:24;-73.966965;40.60566;0;0
2020-09-21;14:27;-74.00424;40.61648;0;0
2020-09-21;14:30;-73.76006;40.667503;0;0
2020-09-21;14:30;-73.997604;40.670296;1;0
2020-09-21;14:35;-73.906006;40.84944;1;0
2020-09-21;14:45;-73.89395;40.817295;0;0
2020-09-21;14:45;-73.89255;40.64779;0;0
2020-09-21;14:50;-73.95412;40.74273;0;0
2020-09-21;14:50;-73.72717;40.699265;1;0
2020-09-21;14:52;-73.94104;40.785038;0;0
2020-09-21;14:55;-73.97893;40.626156;0;0
2020-09-21;15:04;-73.84052;40.84073;1;0
2020-09-21;15:10;-73.98409;40.737545;0;0
2020-09-21;15:18;-73.94215;40.64468;2;0
2020-09-21;15:20;-73.99134;40.685448;0;0
2020-09-21;15:20;-73.73586;40.713303;0;0
2020-09-21;15:25;-73.99665;40.74782;0;0
2020-09-21;15:30;-73.874374;40.82433;0;0
2020-09-21;15:30;-73.99831;40.621616;0;0
2020-09-21;15:30;-73.91947;40.84631;0;0
2020-09-21;15:30;-73.907906;40.858196;0;0
2020-09-21;15:35;-73.93576;40.850166;0;0
2020-09-21;15:40;-73.860954;40.896614;1;0
2020-09-21;15:43;-73.946754;40.68024;1;0
2020-09-21;15:47;-73.87058;40.87647;0;0
2020-09-21;15:52;-73.89245;40.85248;0;0
2020-09-21;16:00;-73.985825;40.757618;0;0
2020-09-21;16:00;-74.19001;40.52257;0;0
2020-09-21;16:00;-73.80805;40.682285;2;0
2020-09-21;16:00;-73.99824;40.69567;2;0
2020-09-21;16:01;-73.99542;40.607323;0;0
2020-09-21;16:01;-73.861435;40.67988;0;0
2020-09-21;16:12;-73.95092;40.66344;0;0
2020-09-21;16:20;-73.95645;40.585037;0;0
2020-09-21;16:29;-73.93391;40.6109;1;0
2020-09-21;16:40;-73.96469;40.79166;0;0
2020-09-21;16:40;-73.909615;40.616116;2;0
2020-09-21;16:45;-74.12126;40.62782;0;0
2020-09-21;16:46;-73.99177;40.68481;1;0
2020-09-21;16:50;-73.79551;40.694763;1;0
2020-09-21;16:50;-73.905975;40.650944;1;0
2020-09-21;17:00;-73.98838;40.592796;0;0
2020-09-21;17:00;-73.93766;40.743305;0;0
2020-09-21;17:00;-73.83739;40.673805;0;0
2020-09-21;17:00;-74.11917;40.62582;0;0
2020-09-21;17:04;-74.11396;40.58004;0;0
2020-09-21;17:05;-73.77161;40.744526;1;0
2020-09-21;17:20;-73.918526;40.62189;0;0
2020-09-21;17:40;-73.8461;40.870388;0;0
2020-09-21;17:40;-73.929306;40.684055;0;0
2020-09-21;17:40;-73.93359;40.74473;0;0
2020-09-21;17:41;-73.80176;40.761894;1;0
2020-09-21;17:46;-73.98336;40.61199;1;0
2020-09-21;17:50;-73.972565;40.691677;1;0
2020-09-21;17:51;-73.93491;40.82815;1;0
2020-09-21;17:54;-74.026955;40.633514;0;0
2020-09-21;18:00;-73.896576;40.674595;0;0
2020-09-21;18:00;-73.77078;40.66696;0;0
2020-09-21;18:00;-73.926796;40.859943;0;0
2020-09-21;18:00;-73.925674;40.861256;0;0
2020-09-21;18:05;-73.9046;40.90523;0;0
2020-09-21;18:06;-73.929596;40.685635;0;0
2020-09-21;18:15;-73.83661;40.877476;1;0
2020-09-21;18:25;-73.82815;40.707962;0;0
2020-09-21;18:30;-73.873344;40.674763;0;0
2020-09-21;18:40;-73.896194;40.67315;0;0
2020-09-21;18:40;-73.96219;40.70022;0;0
2020-09-21;18:50;-73.826004;40.689953;2;0
2020-09-21;18:58;-73.81747;40.718758;0;0
2020-09-21;19:05;-73.80045;40.718365;0;0
2020-09-21;19:05;-73.88131;40.66883;1;0
2020-09-21;19:10;-73.92856;40.809048;1;0
2020-09-21;19:20;-73.94231;40.817226;1;0
2020-09-21;19:30;-73.923775;40.864403;0;0
2020-09-21;19:32;-73.913704;40.676495;5;0
2020-09-21;19:35;-73.95633;40.7785;0;0
2020-09-21;19:35;-74.15544;40.608433;2;0
2020-09-21;19:42;-73.91837;40.698807;0;0
2020-09-21;19:50;-73.96882;40.60927;0;0
2020-09-21;19:50;-73.773;40.68121;0;0
2020-09-21;1:19;-73.95722;40.635612;0;0
2020-09-21;1:27;-73.905846;40.810997;0;0
2020-09-21;1:30;-73.93472;40.681297;0;0
2020-09-21;1:30;-73.792725;40.7555;1;0
2020-09-21;1:35;-74.12976;40.62855;0;0
2020-09-21;20:00;-73.82707;40.702515;1;0
2020-09-21;20:03;-73.95776;40.600986;0;0
2020-09-21;20:10;-73.93374;40.84932;0;0
2020-09-21;20:10;-73.917656;40.689217;1;0
2020-09-21;20:19;-73.953;40.663773;1;0
2020-09-21;20:20;-74.003914;40.651264;0;0
2020-09-21;20:23;-73.969345;40.785294;0;0
2020-09-21;20:26;-73.81345;40.78729;0;0
2020-09-21;20:45;-73.94938;40.754208;1;0
2020-09-21;20:45;-73.769585;40.698566;1;0
2020-09-21;21:00;-73.92248;40.670116;0;0
2020-09-21;21:00;-73.93178;40.655273;1;0
2020-09-21;21:04;-73.90126;40.67993;0;0
2020-09-21;21:10;-73.93926;40.842438;0;0
2020-09-21;21:17;-73.88541;40.814106;1;1
2020-09-21;21:20;-73.95896;40.58217;1;0
2020-09-21;21:30;-73.8118;40.711983;0;0
2020-09-21;21:32;-73.78108;40.668026;0;0
2020-09-21;21:39;-73.90981;40.669823;1;0
2020-09-21;21:50;-73.78905;40.592987;1;0
2020-09-21;21:56;-73.942604;40.604107;1;0
2020-09-21;22:00;-73.897736;40.83648;0;0
2020-09-21;22:00;-73.95616;40.822258;0;0
2020-09-21;22:00;-73.923035;40.775383;0;0
2020-09-21;22:00;-73.92157;40.584003;0;0
2020-09-21;22:09;-73.93666;40.669098;1;0
2020-09-21;22:13;-73.849915;40.827084;0;0
2020-09-21;22:16;-73.93162;40.663555;0;0
2020-09-21;22:18;-73.95728;40.690693;1;0
2020-09-21;22:20;-73.86268;40.757774;1;0
2020-09-21;22:32;-73.93001;40.648182;0;0
2020-09-21;23:08;-73.9742;40.753994;0;0
2020-09-21;23:20;-73.84499;40.75482;0;0
2020-09-21;23:20;-73.88297;40.757977;1;0
2020-09-21;23:40;-73.86939;40.698254;0;0
2020-09-21;23:50;-73.937614;40.68847;0;0
2020-09-21;23:53;-73.94759;40.789433;0;0
2020-09-21;2:47;-73.83311;40.71328;1;0
2020-09-21;3:14;-73.92539;40.642384;4;0
2020-09-21;4:00;-73.8828;40.841293;0;0
2020-09-21;4:04;-73.901924;40.85809;0;0
2020-09-21;4:10;-74.185776;40.541176;1;0
2020-09-21;4:15;-73.95358;40.677994;0;0
2020-09-21;4:15;-73.95358;40.677994;0;0
2020-09-21;4:50;-73.95147;40.68986;0;0
2020-09-21;5:00;-73.952515;40.65089;0;0
2020-09-21;5:00;-73.93562;40.75228;0;0
2020-09-21;5:30;-73.94312;40.851685;0;0
2020-09-21;5:33;-73.796776;40.689964;0;0
2020-09-21;6:00;-73.76481;40.724693;0;0
2020-09-21;6:14;-73.9309;40.706512;1;0
2020-09-21;6:24;-73.87263;40.736847;2;0
2020-09-21;6:30;-73.96191;40.79548;0;0
2020-09-21;7:00;-73.86538;40.83961;0;0
2020-09-21;7:00;-74.00835;40.644814;0;0
2020-09-21;7:00;-74.163284;40.590702;0;0
2020-09-21;7:00;-73.77358;40.71512;1;0
2020-09-21;7:10;-73.88746;40.846214;0;0
2020-09-21;7:10;-73.87257;40.856537;1;0
2020-09-21;7:13;-74.011215;40.62356;3;0
2020-09-21;7:30;-73.816956;40.679756;0;0
2020-09-21;7:50;-74.101234;40.582188;0;0
2020-09-21;8:00;-73.965576;40.681793;0;0
2020-09-21;8:00;-73.98345;40.747097;1;0
2020-09-21;8:05;-73.78869;40.68818;0;0
2020-09-21;8:05;-74.00523;40.729332;0;0
2020-09-21;8:15;-73.88427;40.667248;0;0
2020-09-21;8:20;-73.941925;40.755592;0;0
2020-09-21;8:30;-74.010025;40.60247;0;0
2020-09-21;8:30;-73.87329;40.83801;0;0
2020-09-21;8:30;-73.82318;40.75819;1;0
2020-09-21;8:45;-73.98139;40.689777;0;0
2020-09-21;8:45;-73.90331;40.707233;0;0
2020-09-21;8:50;-73.98973;40.669147;0;0
2020-09-21;8:57;-73.998;40.712723;0;0
2020-09-21;9:00;-73.87877;40.884476;0;0
2020-09-21;9:00;-73.92449;40.65098;0;0
2020-09-21;9:00;-73.7502;40.698914;0;0
2020-09-21;9:00;-73.987816;40.667374;0;0
2020-09-21;9:00;-73.997574;40.59455;1;0
2020-09-21;9:00;-73.89111;40.867027;1;0
2020-09-21;9:13;-73.93977;40.841076;0;0
2020-09-21;9:20;-73.96884;40.622868;0;0
2020-09-21;9:30;-73.93162;40.653744;0;0
2020-09-21;9:30;-74.00104;40.67641;0;0
2020-09-21;9:35;-73.82947;40.6854;1;0
2020-09-21;9:40;-73.94398;40.835308;0;0
2020-09-21;9:50;-73.89083;40.820305;0;0
2020-09-21;9:50;-73.91902;40.84065;0;0
2020-09-21;9:53;-73.93904;40.805058;0;0
2020-09-21;9:54;-74.16231;40.533882;1;0
2020-09-21;9:55;-73.859314;40.736866;0;0
2020-09-20;0:00;-73.90211;40.845642;0;0
2020-09-20;0:00;-73.96263;40.57808;0;0
2020-09-20;0:00;-73.91853;40.71245;0;0
2020-09-20;0:02;-73.89492;40.67591;1;0
2020-09-20;0:09;-73.781456;40.708252;1;0
2020-09-20;0:14;-74.003395;40.634537;1;0
2020-09-20;0:15;-73.87145;40.72956;0;0
2020-09-20;0:25;-73.97594;40.683506;0;0
2020-09-20;0:30;-73.887245;40.841026;0;0
2020-09-20;0:33;-73.89523;40.66937;2;0
2020-09-20;0:40;-73.91176;40.690453;2;0
2020-09-20;0:50;-74.02886;40.615463;0;0
2020-09-20;10:13;-74.0212;40.625816;0;0
2020-09-20;10:15;-73.74783;40.694534;0;0
2020-09-20;10:30;-73.92214;40.673683;1;0
2020-09-20;10:39;-73.80679;40.72623;0;0
2020-09-20;10:42;-73.81695;40.66535;4;0
2020-09-20;10:50;-73.99499;40.700737;0;0
2020-09-20;10:52;-73.75372;40.609535;0;0
2020-09-20;11:10;-73.965195;40.68978;1;0
2020-09-20;11:11;-73.78445;40.78739;0;0
2020-09-20;11:13;-73.913765;40.675808;1;0
2020-09-20;11:15;-74.115295;40.614777;0;0
2020-09-20;11:24;-73.89672;40.892822;0;0
2020-09-20;11:30;-73.92077;40.71382;0;0
2020-09-20;11:30;-73.95819;40.758965;0;0
2020-09-20;11:30;-73.820885;40.67054;1;0
2020-09-20;11:40;-73.92153;40.696014;0;0
2020-09-20;11:40;-73.9409;40.703915;2;0
2020-09-20;11:45;-73.978615;40.745056;2;0
2020-09-20;12:00;-73.95695;40.770752;1;0
2020-09-20;12:00;-73.800835;40.73833;2;0
2020-09-20;12:05;-73.89456;40.67077;0;0
2020-09-20;12:15;-73.9313;40.642014;0;0
2020-09-20;12:18;-73.9114;40.829136;3;0
2020-09-20;12:25;-73.90893;40.66255;0;0
2020-09-20;12:30;-73.87236;40.68884;0;0
2020-09-20;12:30;-73.88703;40.7646;0;0
2020-09-20;12:30;-73.94232;40.60827;0;0
2020-09-20;12:30;-73.855156;40.759018;0;0
2020-09-20;12:40;-74.02003;40.642776;0;0
2020-09-20;12:40;-73.761;40.666233;2;0
2020-09-20;13:01;-73.83641;40.784184;0;0
2020-09-20;13:08;-73.95513;40.6086;1;0
2020-09-20;13:09;-73.87013;40.732243;0;0
2020-09-20;13:09;-73.88692;40.86723;2;0
2020-09-20;13:10;-73.93103;40.66992;1;0
2020-09-20;13:11;-73.99013;40.737797;1;0
2020-09-20;13:30;-73.94367;40.68702;0;0
2020-09-20;13:30;-73.91079;40.70112;0;0
2020-09-20;13:40;-73.86995;40.834766;0;0
2020-09-20;13:40;-73.89534;40.848316;1;0
2020-09-20;13:41;-73.897095;40.898594;0;0
2020-09-20;13:46;-73.899956;40.857418;1;0
2020-09-20;13:49;-73.827866;40.832584;0;0
2020-09-20;14:00;-73.97398;40.59756;0;0
2020-09-20;14:00;-73.847885;40.77316;0;0
2020-09-20;14:05;-73.87329;40.83801;0;0
2020-09-20;14:25;-73.92824;40.857166;0;0
2020-09-20;14:32;-73.93859;40.822308;1;0
2020-09-20;14:45;-74.14808;40.62764;0;0
2020-09-20;14:50;-73.93844;40.679787;2;0
2020-09-20;14:59;-73.93968;40.832684;1;0
2020-09-20;15:00;-73.960526;40.65878;0;0
2020-09-20;15:00;-73.92566;40.75892;1;0
2020-09-20;15:00;-73.88459;40.65906;1;0
2020-09-20;15:11;-73.94217;40.715065;0;0
2020-09-20;15:15;-74.16645;40.52724;0;0
2020-09-20;15:20;-73.9181;40.855385;0;0
2020-09-20;15:20;-73.87377;40.836617;1;0
2020-09-20;15:25;-73.79266;40.682568;1;0
2020-09-20;15:30;-74.00017;40.61311;0;0
2020-09-20;15:35;-73.86265;40.82817;1;0
2020-09-20;15:48;-73.915054;40.73556;1;0
2020-09-20;15:50;-73.9692;40.75679;0;0
2020-09-20;15:55;-73.95567;40.681137;1;0
2020-09-20;16:00;-73.7569;40.6983;0;0
2020-09-20;16:00;-73.90697;40.870525;1;0
2020-09-20;16:09;-73.78155;40.69652;2;0
2020-09-20;16:20;-73.8943;40.728794;0;0
2020-09-20;16:20;-73.782036;40.70203;3;0
2020-09-20;16:21;-73.889885;40.734554;0;0
2020-09-20;16:26;-73.931;40.85306;1;0
2020-09-20;16:30;-73.89083;40.820305;0;0
2020-09-20;16:30;-73.94831;40.59973;1;0
2020-09-20;16:30;-74.164444;40.5917;2;0
2020-09-20;16:34;-73.8956;40.623672;0;0
2020-09-20;16:45;-73.8703;40.87793;0;0
2020-09-20;16:45;-73.928825;40.860863;0;0
2020-09-20;16:46;-73.86029;40.853203;0;0
2020-09-20;16:55;-73.83727;40.74091;0;0
2020-09-20;16:56;-73.85249;40.879463;2;0
2020-09-20;17:00;-73.99744;40.661037;1;0
2020-09-20;17:00;-73.78632;40.666573;1;0
2020-09-20;17:05;-73.892136;40.704845;1;0
2020-09-20;17:15;-73.95836;40.760536;0;0
2020-09-20;17:15;-74.02607;40.616547;0;0
2020-09-20;17:15;-73.896774;40.901604;1;0
2020-09-20;17:15;-73.75551;40.66584;1;0
2020-09-20;17:20;-73.96703;40.649944;0;0
2020-09-20;17:28;-73.98383;40.721474;2;0
2020-09-20;17:35;-73.93592;40.79531;0;0
2020-09-20;17:36;-73.82515;40.84334;1;0
2020-09-20;17:43;-73.81724;40.819042;1;0
2020-09-20;17:50;-73.91561;40.61574;0;0
2020-09-20;17:50;-73.791016;40.69459;0;0
2020-09-20;18:00;-73.950294;40.78389;0;0
2020-09-20;18:00;-73.99369;40.741714;1;0
2020-09-20;18:00;-73.95026;40.657093;2;0
2020-09-20;18:00;-73.77154;40.73152;2;0
2020-09-20;18:02;-73.85133;40.88116;0;0
2020-09-20;18:05;-73.91422;40.756718;1;0
2020-09-20;18:05;-73.9182;40.811302;3;0
2020-09-20;18:12;-73.87245;40.823772;0;0
2020-09-20;18:20;-74.00185;40.747574;0;0
2020-09-20;18:26;-73.86556;40.86034;0;0
2020-09-20;18:27;-73.87312;40.673916;3;0
2020-09-20;18:30;-73.95513;40.689445;0;0
2020-09-20;18:30;-73.93939;40.689754;0;0
2020-09-20;18:30;-73.804504;40.707226;0;0
2020-09-20;18:31;-73.9288;40.64638;3;0
2020-09-20;18:40;-73.807945;40.75904;0;0
2020-09-20;18:46;-73.87008;40.67567;2;0
2020-09-20;19:00;-73.98137;40.71147;0;0
2020-09-20;19:00;-73.94348;40.83089;0;0
2020-09-20;19:00;-73.94269;40.589245;1;0
2020-09-20;19:15;-73.88796;40.812836;0;0
2020-09-20;19:15;-73.884476;40.845985;1;0
2020-09-20;19:20;-73.86823;40.81847;0;0
2020-09-20;19:20;-73.97589;40.744778;1;0
2020-09-20;19:24;-73.92904;40.816746;3;0
2020-09-20;19:40;-73.91243;40.8047;3;0
2020-09-20;19:50;-73.84496;40.848644;0;0
2020-09-20;19:55;-73.85305;40.89729;0;0
2020-09-20;1:00;-73.90347;40.830353;0;0
2020-09-20;1:00;-73.900795;40.697624;0;0
2020-09-20;1:04;-73.81173;40.66669;7;0
2020-09-20;1:05;-73.81173;40.66669;2;0
2020-09-20;1:07;-73.92011;40.842083;0;0
2020-09-20;1:10;-73.81173;40.66669;0;0
2020-09-20;1:15;-73.95012;40.648117;0;0
2020-09-20;1:15;-73.94536;40.690563;1;0
2020-09-20;1:20;-73.89894;40.821068;0;0
2020-09-20;1:25;-73.894196;40.657555;0;0
2020-09-20;1:28;-73.93427;40.85558;0;0
2020-09-20;1:30;-73.87952;40.644188;0;0
2020-09-20;1:35;-73.89595;40.65417;0;0
2020-09-20;1:40;-73.92745;40.635258;3;0
2020-09-20;1:51;-73.79171;40.666306;1;0
2020-09-20;1:55;-73.94539;40.841843;0;0
2020-09-20;20:03;-73.906845;40.719334;1;0
2020-09-20;20:06;-73.811264;40.587566;0;0
2020-09-20;20:07;-73.88797;40.630844;1;0
2020-09-20;20:07;-73.86902;40.865402;2;0
2020-09-20;20:09;-73.96486;40.806705;2;0
2020-09-20;20:15;-74.07601;40.60595;0;0
2020-09-20;20:15;-73.94549;40.80777;1;0
2020-09-20;20:25;-73.90572;40.87314;0;0
2020-09-20;20:25;-73.98223;40.727844;0;0
2020-09-20;20:30;-73.77562;40.593674;0;0
2020-09-20;20:30;-73.92057;40.608063;1;0
2020-09-20;20:48;-73.72899;40.712727;0;0
2020-09-20;21:00;-73.895676;40.671165;0;0
2020-09-20;21:00;-73.91799;40.73725;0;0
2020-09-20;21:05;-73.89576;40.67147;0;0
2020-09-20;21:10;-73.98076;40.603264;0;0
2020-09-20;21:15;-73.86541;40.8432;0;0
2020-09-20;21:15;-73.95124;40.743645;1;0
2020-09-20;21:15;-73.85561;40.758305;1;0
2020-09-20;21:15;-73.86723;40.757473;1;0
2020-09-20;21:30;-73.724174;40.76148;0;0
2020-09-20;21:30;-74.01164;40.60145;0;0
2020-09-20;21:30;-73.94049;40.722576;1;0
2020-09-20;22:00;-73.89984;40.74861;0;0
2020-09-20;22:15;-73.90467;40.863167;1;0
2020-09-20;22:16;-74.12025;40.566227;2;0
2020-09-20;22:18;-73.87108;40.687473;2;0
2020-09-20;22:20;-73.94749;40.756233;1;0
2020-09-20;22:30;-73.93965;40.59392;0;0
2020-09-20;22:30;-73.786446;40.688778;0;0
2020-09-20;22:42;-73.93643;40.679688;0;0
2020-09-20;22:45;-73.85567;40.89285;0;0
2020-09-20;22:58;-73.97137;40.636284;2;0
2020-09-20;23:00;-74.18335;40.565056;0;0
2020-09-20;23:00;-73.74467;40.66552;0;0
2020-09-20;23:00;-73.81711;40.704033;0;0
2020-09-20;23:20;-73.85584;40.751575;1;0
2020-09-20;23:40;-73.94447;40.62948;1;0
2020-09-20;23:45;-73.937546;40.695442;0;0
2020-09-20;23:50;-73.891655;40.65993;0;0
2020-09-20;23:55;-73.82145;40.668724;0;0
2020-09-20;23:55;-73.91276;40.646328;0;0
2020-09-20;2:00;-73.90803;40.644016;0;0
2020-09-20;2:00;-73.8432;40.674576;0;0
2020-09-20;2:00;-73.79266;40.682568;0;0
2020-09-20;2:00;-73.95934;40.70518;1;0
2020-09-20;2:02;-73.90803;40.831768;0;0
2020-09-20;2:12;-73.85953;40.711815;0;0
2020-09-20;2:13;-73.76607;40.69741;0;0
2020-09-20;2:15;-73.87933;40.836975;1;0
2020-09-20;2:29;-73.76994;40.66735;2;0
2020-09-20;2:30;-73.91588;40.803715;0;0
2020-09-20;2:30;-73.869865;40.727997;0;0
2020-09-20;2:37;-73.929146;40.67049;0;0
2020-09-20;2:40;-73.8956;40.754482;2;0
2020-09-20;2:40;-73.88572;40.840153;6;0
2020-09-20;2:50;-73.90438;40.675106;0;0
2020-09-20;2:55;-73.86822;40.757355;1;0
2020-09-20;3:18;-73.973114;40.583057;0;0
2020-09-20;3:20;-73.92965;40.59616;0;0
2020-09-20;3:30;-73.76093;40.666348;5;0
2020-09-20;3:40;-73.92932;40.69764;5;0
2020-09-20;3:42;-73.87635;40.740532;1;0
2020-09-20;3:43;-73.8665;40.66893;1;0
2020-09-20;4:00;-73.85758;40.6568;0;0
2020-09-20;4:00;-73.83911;40.76555;1;0
2020-09-20;4:20;-73.91893;40.732033;0;0
2020-09-20;4:20;-73.96054;40.659164;1;0
2020-09-20;4:50;-73.958305;40.654915;1;0
2020-09-20;5:00;-73.91356;40.821167;2;0
2020-09-20;5:39;-73.99254;40.753475;0;0
2020-09-20;6:33;-73.85786;40.89825;0;0
2020-09-20;6:50;-73.88943;40.65698;0;0
2020-09-20;7:00;-73.93293;40.647995;0;0
2020-09-20;7:00;-73.92745;40.635258;0;0
2020-09-20;7:18;-73.86076;40.75012;0;0
2020-09-20;7:30;-73.88457;40.832268;1;0
2020-09-20;8:00;-73.98695;40.756035;0;0
2020-09-20;8:00;-73.95087;40.828297;0;0
2020-09-20;8:30;-73.89643;40.90328;0;0
2020-09-20;8:30;-73.9008;40.67657;0;0
2020-09-20;8:34;-73.872215;40.85512;0;0
2020-09-20;9:00;-73.98319;40.72986;0;0
2020-09-20;9:00;-73.93584;40.826088;0;0
2020-09-20;9:03;-73.86034;40.881958;1;0
2020-09-20;9:14;-73.84698;40.72096;1;0
2020-09-20;9:42;-73.82855;40.756027;0;0
2020-09-20;9:43;-73.853745;40.87746;1;0
2020-09-19;0:00;-73.91243;40.657246;0;0
2020-09-19;0:00;-73.98115;40.596096;0;0
2020-09-19;0:00;-73.837105;40.787743;0;0
2020-09-19;0:00;-73.77824;40.75339;0;0
2020-09-19;0:00;-73.92144;40.698486;0;0
2020-09-19;0:00;-73.79776;40.73139;1;0
2020-09-19;0:03;-73.96509;40.79844;0;0
2020-09-19;0:10;-73.84773;40.66997;0;0
2020-09-19;0:15;-74.131516;40.582096;0;0
2020-09-19;0:15;-73.937584;40.678993;1;0
2020-09-19;0:18;-73.885506;40.68071;0;0
2020-09-19;0:19;-73.84946;40.879444;0;0
2020-09-19;0:20;-73.73665;40.69599;0;0
2020-09-19;0:29;-73.96853;40.754875;0;0
2020-09-19;0:30;-73.89585;40.82389;1;0
2020-09-19;0:37;-73.88956;40.82408;0;0
2020-09-19;0:45;-73.75658;40.72613;0;0
2020-09-19;10:00;-73.783455;40.672104;0;0
2020-09-19;10:00;-73.93477;40.698696;0;0
2020-09-19;10:00;-73.92615;40.70324;0;0
2020-09-19;10:00;-73.97048;40.62418;1;0
2020-09-19;10:00;-73.95699;40.68773;1;0
2020-09-19;10:00;-73.9344;40.805637;1;0
2020-09-19;10:05;-73.81759;40.739964;0;0
2020-09-19;10:17;-73.91753;40.62194;1;0
2020-09-19;10:24;-73.78932;40.742104;0;0
2020-09-19;10:25;-73.813545;40.72604;0;0
2020-09-19;10:35;-73.94055;40.711666;0;0
2020-09-19;10:35;-73.93666;40.669098;0;0
2020-09-19;10:40;-73.75516;40.605274;0;0
2020-09-19;10:40;-73.9446;40.803226;0;0
2020-09-19;10:41;-73.89668;40.762;0;0
2020-09-19;10:52;-73.8998;40.881718;0;0
2020-09-19;10:55;-73.82754;40.76877;2;0
2020-09-19;11:00;-73.8795;40.644997;0;0
2020-09-19;11:05;-73.927574;40.661907;0;0
2020-09-19;11:15;-73.90959;40.70212;1;0
2020-09-19;11:15;-73.82502;40.68795;1;0
2020-09-19;11:23;-73.74308;40.67699;2;0
2020-09-19;11:30;-73.91386;40.722897;1;0
2020-09-19;11:33;-73.86557;40.81665;2;0
2020-09-19;11:52;-73.90936;40.857105;0;0
2020-09-19;12:05;-73.94415;40.70251;0;0
2020-09-19;12:15;-73.925;40.674736;0;0
2020-09-19;12:15;-73.84507;40.73834;0;0
2020-09-19;12:20;-73.92519;40.818012;0;0
2020-09-19;12:20;-73.82465;40.869144;0;0
2020-09-19;12:30;-74.00731;40.654705;0;0
2020-09-19;12:30;-73.95265;40.590305;0;0
2020-09-19;12:40;-73.78549;40.7021;0;0
2020-09-19;12:45;-73.9556;40.76154;0;0
2020-09-19;12:50;-73.74574;40.695114;0;0
2020-09-19;12:50;-73.9154;40.687935;1;0
2020-09-19;12:55;-73.90779;40.63622;0;0
2020-09-19;13:00;-73.9092;40.84497;0;0
2020-09-19;13:00;-73.85984;40.676727;3;0
2020-09-19;13:05;-73.94765;40.652744;0;0
2020-09-19;13:05;-73.90929;40.643204;0;0
2020-09-19;13:21;-73.88981;40.8724;0;0
2020-09-19;13:25;-73.928764;40.822838;0;0
2020-09-19;13:25;-73.85964;40.713596;0;0
2020-09-19;13:31;-73.86768;40.855957;1;0
2020-09-19;13:31;-73.960396;40.674;1;0
2020-09-19;13:45;-73.94531;40.608044;0;0
2020-09-19;13:55;-73.94476;40.71976;2;0
2020-09-19;14:00;-73.91437;40.84179;0;0
2020-09-19;14:00;-73.89236;40.740517;0;0
2020-09-19;14:00;-73.83405;40.710026;0;0
2020-09-19;14:05;-73.99826;40.60461;0;0
2020-09-19;14:07;-73.97432;40.679733;0;0
2020-09-19;14:15;-73.98905;40.736546;1;0
2020-09-19;14:25;-73.89507;40.644436;1;0
2020-09-19;14:30;-73.8905;40.65862;0;0
2020-09-19;14:30;-73.90787;40.66566;0;0
2020-09-19;14:30;-73.92588;40.866024;0;0
2020-09-19;14:30;-73.867714;40.854504;1;0
2020-09-19;14:31;-73.93604;40.586117;0;0
2020-09-19;14:31;-73.93604;40.586117;1;0
2020-09-19;14:35;-73.779945;40.66675;1;0
2020-09-19;14:40;-74.1868;40.592575;0;0
2020-09-19;14:46;-73.79114;40.73332;1;0
2020-09-19;14:47;-73.9515;40.73046;1;0
2020-09-19;14:50;-73.90255;40.860577;1;0
2020-09-19;15:00;-73.85979;40.71163;0;0
2020-09-19;15:00;-73.87365;40.836544;0;0
2020-09-19;15:00;-74.006744;40.730946;0;0
2020-09-19;15:00;-73.99013;40.737797;1;0
2020-09-19;15:02;-73.991234;40.757847;0;0
2020-09-19;15:10;-73.94415;40.678238;0;0
2020-09-19;15:10;-73.99607;40.59287;1;0
2020-09-19;15:15;-73.99397;40.67192;0;0
2020-09-19;15:15;-73.79266;40.682568;1;0
2020-09-19;15:20;-73.7616;40.73284;0;0
2020-09-19;15:20;-73.99306;40.60148;0;0
2020-09-19;15:21;-73.75701;40.713505;1;0
2020-09-19;15:23;-74.16619;40.635853;1;0
2020-09-19;15:38;-73.89523;40.66937;0;0
2020-09-19;15:40;-73.871826;40.877724;0;0
2020-09-19;15:50;-74.0167;40.63552;1;0
2020-09-19;15:55;-74.12323;40.62925;1;0
2020-09-19;15:56;-73.89684;40.664333;0;0
2020-09-19;16:00;-73.87015;40.750347;0;0
2020-09-19;16:00;-73.842064;40.72829;0;0
2020-09-19;16:00;-73.81939;40.58272;0;0
2020-09-19;16:00;-73.873825;40.730934;0;0
2020-09-19;16:00;-73.93624;40.820435;0;0
2020-09-19;16:05;-73.98501;40.678978;0;0
2020-09-19;16:10;-73.90669;40.700058;0;0
2020-09-19;16:10;-73.92781;40.769886;0;0
2020-09-19;16:10;-73.96522;40.763428;1;0
2020-09-19;16:15;-73.815834;40.750477;0;0
2020-09-19;16:20;-73.818474;40.702362;0;0
2020-09-19;16:25;-73.826004;40.846443;0;0
2020-09-19;16:25;-73.905846;40.831055;1;0
2020-09-19;16:25;-73.94463;40.631836;1;0
2020-09-19;16:25;-73.91901;40.770306;2;0
2020-09-19;16:29;-73.735016;40.759163;1;0
2020-09-19;16:30;-73.996956;40.71207;1;0
2020-09-19;16:30;-73.754715;40.60638;1;0
2020-09-19;16:33;-73.84792;40.676243;1;0
2020-09-19;16:37;-73.899315;40.695747;1;0
2020-09-19;16:40;-73.902725;40.85352;0;0
2020-09-19;16:40;-74.00325;40.671852;0;0
2020-09-19;16:40;-73.9004;40.66701;1;0
2020-09-19;16:42;-73.94549;40.80777;1;0
2020-09-19;16:45;-73.80647;40.698406;1;0
2020-09-19;16:49;-73.93737;40.850643;0;0
2020-09-19;16:53;-73.93674;40.7013;0;0
2020-09-19;16:55;-73.84392;40.828407;0;0
2020-09-19;16:55;-73.866714;40.73177;0;0
2020-09-19;17:00;-74.0155;40.606842;0;0
2020-09-19;17:00;-73.93452;40.75115;1;0
2020-09-19;17:00;-74.079605;40.624603;2;0
2020-09-19;17:02;-74.01356;40.6203;1;0
2020-09-19;17:05;-73.86916;40.68662;1;0
2020-09-19;17:05;-73.960976;40.617905;1;0
2020-09-19;17:10;-73.88632;40.80655;0;0
2020-09-19;17:14;-73.87709;40.826237;1;0
2020-09-19;17:17;-73.96263;40.671627;0;0
2020-09-19;17:22;-73.9042;40.700737;0;0
2020-09-19;17:27;-73.98828;40.74915;0;0
2020-09-19;17:30;-73.84314;40.708324;2;0
2020-09-19;17:33;-73.95338;40.68064;0;0
2020-09-19;17:37;-73.88818;40.632435;1;0
2020-09-19;17:39;-73.74066;40.67767;0;0
2020-09-19;17:40;-73.7531;40.694214;0;0
2020-09-19;17:40;-73.96451;40.672104;1;0
2020-09-19;17:50;-73.789894;40.74006;2;0
2020-09-19;18:00;-73.84596;40.8193;0;0
2020-09-19;18:00;-74.17562;40.55554;0;0
2020-09-19;18:00;-73.90355;40.69285;4;0
2020-09-19;18:01;-73.925606;40.668495;1;0
2020-09-19;18:05;-73.93705;40.844788;0;0
2020-09-19;18:09;-73.9178;40.80634;0;0
2020-09-19;18:10;-73.98662;40.574894;0;0
2020-09-19;18:10;-73.87673;40.82628;1;0
2020-09-19;18:15;-74.02563;40.619102;0;0
2020-09-19;18:20;-73.94484;40.616043;1;0
2020-09-19;18:23;-73.74551;40.71436;0;0
2020-09-19;18:27;-73.9527;40.731075;0;0
2020-09-19;18:27;-73.91365;40.702797;1;0
2020-09-19;18:29;-73.94371;40.815304;1;0
2020-09-19;18:30;-73.92677;40.613575;0;0
2020-09-19;18:40;-73.76303;40.70969;0;0
2020-09-19;18:40;-73.897484;40.67816;1;0
2020-09-19;18:45;-74.01945;40.64332;0;0
2020-09-19;18:51;-73.81662;40.703163;0;0
2020-09-19;19:00;-73.91538;40.648693;0;0
2020-09-19;19:00;-73.93777;40.63926;0;0
2020-09-19;19:08;-73.9085;40.76645;0;0
2020-09-19;19:09;-73.802635;40.666405;4;0
2020-09-19;19:10;-74.041275;40.62756;1;0
2020-09-19;19:13;-73.77478;40.595734;2;0
2020-09-19;19:15;-73.8636;40.86314;0;0
2020-09-19;19:15;-73.76482;40.697613;0;0
2020-09-19;19:27;-73.91924;40.647644;1;0
2020-09-19;19:30;-73.94704;40.65434;0;0
2020-09-19;19:30;-73.84573;40.741234;2;0
2020-09-19;19:37;-73.86549;40.729473;1;0
2020-09-19;19:38;-73.937744;40.629913;0;0
2020-09-19;19:48;-73.8978;40.843956;0;0
2020-09-19;19:50;-73.977196;40.74701;1;0
2020-09-19;19:50;-73.94476;40.82403;2;0
2020-09-19;19:55;-73.85092;40.71047;0;0
2020-09-19;1:00;-73.99179;40.764683;0;0
2020-09-19;1:13;-73.916756;40.711403;1;0
2020-09-19;1:27;-73.89492;40.67591;0;0
2020-09-19;1:30;-73.899086;40.665607;0;0
2020-09-19;1:45;-73.75834;40.71958;0;0
2020-09-19;1:48;-73.84605;40.831852;0;0
2020-09-19;20:00;-73.93925;40.689022;0;0
2020-09-19;20:05;-73.821365;40.680496;0;0
2020-09-19;20:10;-74.09021;40.588684;0;0
2020-09-19;20:17;-73.89888;40.86558;0;0
2020-09-19;20:20;-73.873634;40.753567;0;0
2020-09-19;20:20;-74.120445;40.632236;0;0
2020-09-19;20:22;-73.931885;40.81259;0;0
2020-09-19;20:24;-73.75528;40.605335;1;0
2020-09-19;20:30;-73.881905;40.75208;0;0
2020-09-19;20:30;-73.762794;40.709755;0;0
2020-09-19;20:31;-73.8839;40.684574;0;0
2020-09-19;20:35;-73.89689;40.90104;0;0
2020-09-19;20:40;-73.9229;40.655422;0;0
2020-09-19;20:45;-73.95226;40.740913;0;0
2020-09-19;20:50;-73.966805;40.772366;0;0
2020-09-19;21:00;-73.87244;40.856323;0;0
2020-09-19;21:02;-73.91714;40.637794;0;0
2020-09-19;21:08;-73.8324;40.752316;1;0
2020-09-19;21:09;-73.87085;40.751545;0;0
2020-09-19;21:14;-73.93385;40.7375;0;0
2020-09-19;21:20;-73.98895;40.763485;2;0
2020-09-19;21:20;-73.91187;40.729996;2;0
2020-09-19;21:25;-73.95165;40.710907;1;0
2020-09-19;21:26;-73.92965;40.854904;0;0
2020-09-19;22:00;-73.911575;40.80907;0;0
2020-09-19;22:00;-73.9165;40.61655;0;0
2020-09-19;22:01;-73.92536;40.69808;0;0
2020-09-19;22:10;-73.986694;40.781666;1;0
2020-09-19;22:12;-73.86259;40.865524;0;0
2020-09-19;22:15;-73.897484;40.67816;1;0
2020-09-19;22:20;-73.94112;40.707523;1;0
2020-09-19;22:25;-73.75577;40.675884;0;0
2020-09-19;22:30;-74.02353;40.634617;0;0
2020-09-19;22:30;-73.94842;40.639984;0;0
2020-09-19;22:30;-73.871025;40.727978;2;0
2020-09-19;22:35;-73.98322;40.695908;0;0
2020-09-19;22:37;-73.929665;40.65451;0;0
2020-09-19;22:40;-74.01474;40.64777;1;0
2020-09-19;22:45;-73.73586;40.713303;0;0
2020-09-19;22:45;-73.74671;40.714;1;0
2020-09-19;22:45;-73.93107;40.828114;1;0
2020-09-19;23:00;-73.87389;40.683174;0;0
2020-09-19;23:00;-74.20062;40.552235;0;0
2020-09-19;23:00;-73.90881;40.76874;0;0
2020-09-19;23:00;-73.894005;40.679768;0;0
2020-09-19;23:05;-73.90675;40.82358;0;0
2020-09-19;23:15;-73.73232;40.70316;0;0
2020-09-19;23:16;-73.939316;40.723347;0;0
2020-09-19;23:20;-73.87767;40.73675;1;0
2020-09-19;23:23;-73.89691;40.897175;0;0
2020-09-19;23:23;-73.89172;40.6708;0;0
2020-09-19;23:33;-73.94109;40.854084;1;0
2020-09-19;23:33;-73.94109;40.854084;2;0
2020-09-19;23:36;-73.87424;40.67086;0;0
2020-09-19;23:44;-73.96964;40.695995;0;0
2020-09-19;23:50;-73.97422;40.59011;0;0
2020-09-19;23:50;-73.781456;40.758392;0;0
2020-09-19;2:00;-73.86747;40.6767;0;0
2020-09-19;2:00;-73.979675;40.64795;0;0
2020-09-19;2:00;-73.88138;40.837894;0;0
2020-09-19;2:00;-73.9488;40.797478;0;0
2020-09-19;2:00;-73.774666;40.717323;1;0
2020-09-19;2:04;-73.9219;40.805367;0;0
2020-09-19;2:22;-73.91464;40.74447;0;0
2020-09-19;2:29;-73.92705;40.687763;1;0
2020-09-19;2:41;-73.90507;40.824917;0;0
2020-09-19;2:51;-73.86491;40.67381;0;0
2020-09-19;3:00;-73.86747;40.757442;0;0
2020-09-19;3:29;-73.90974;40.654312;6;0
2020-09-19;3:30;-73.93723;40.622955;0;0
2020-09-19;3:45;-73.9005;40.63531;0;0
2020-09-19;3:50;-73.942505;40.832237;0;0
2020-09-19;4:00;-73.89786;40.82451;0;0
2020-09-19;4:21;-73.889244;40.84947;0;0
2020-09-19;4:22;-73.928894;40.695442;0;0
2020-09-19;4:25;-73.86635;40.687126;0;0
2020-09-19;4:40;-73.90358;40.75184;0;0
2020-09-19;5:43;-73.96599;40.750443;0;0
2020-09-19;5:50;-73.9172;40.85592;0;0
2020-09-19;6:19;-73.94888;40.79672;0;0
2020-09-19;6:38;-73.85335;40.84247;1;0
2020-09-19;6:50;-73.76332;40.71073;0;0
2020-09-19;6:54;-73.87548;40.688667;0;0
2020-09-19;7:00;-73.95328;40.670006;0;0
2020-09-19;7:15;-73.8944;40.81616;0;0
2020-09-19;7:25;-73.89928;40.85225;0;0
2020-09-19;7:30;-73.86536;40.651863;0;0
2020-09-19;7:45;-73.74963;40.715916;0;0
2020-09-19;8:00;-73.84796;40.66673;0;0
2020-09-19;8:20;-73.756065;40.603844;0;0
2020-09-19;8:20;-74.00923;40.63063;1;0
2020-09-19;8:30;-73.98766;40.6148;0;0
2020-09-19;8:30;-73.81045;40.761375;1;0
2020-09-19;8:31;-73.93518;40.847355;0;0
2020-09-19;8:45;-73.83713;40.867027;1;0
2020-09-19;8:50;-73.736404;40.68123;0;0
2020-09-19;8:54;-73.83556;40.88532;2;0
2020-09-19;8:55;-73.91423;40.78367;0;0
2020-09-19;9:00;-73.84216;40.762253;0;0
2020-09-19;9:00;-73.91713;40.69811;0;0
2020-09-19;9:00;-73.93939;40.654335;1;0
2020-09-19;9:11;-73.806114;40.67222;0;0
2020-09-19;9:30;-73.8347;40.661648;1;0
2020-09-19;9:46;-73.91678;40.815697;0;0
2020-09-19;9:48;-73.86381;40.74899;1;0
2020-09-19;9:53;-73.84104;40.893482;0;0
